{
    "Latency_statics": [74.38336493664548, 67.09435497103124, 55.086416025565036, 59.91216651565084, 59.525068091960115, 55.832999416657415, 58.51197217603095, 56.604093278429865, 62.09556889556076, 57.68197720245047, 61.25648824521031],
    "Hop_counts_statics": [23.467741935483872, 19.836734693877553, 17.517857142857142, 17.609756097560975, 16.666666666666668, 16.50877192982456, 18.186046511627907, 16.49056603773585, 18.176470588235293, 17.75, 15.981481481481481],
    "Spices_counts_statics": [3.5714285714285716, 3.9166666666666665, 3.5357142857142856, 3.6097560975609757, 3.682926829268293, 2.6315789473684212, 4.534883720930233, 3.6226415094339623, 3.588235294117647, 3.6041666666666665, 3.1481481481481484],
    "intraplane_statics": [5.080645161290323, 5.591836734693878, 4.732142857142857, 5.804878048780488, 5.041666666666667, 4.964912280701754, 5.046511627906977, 4.283018867924528, 4.794117647058823, 4.625, 5.037037037037037],
    "interplane_statics": [18.370967741935484, 13.755102040816327, 12.446428571428571, 11.487804878048781, 11.041666666666666, 11.12280701754386, 12.720930232558139, 11.566037735849056, 12.794117647058824, 12.625, 10.24074074074074]
}